ratio,rate,type
1,0.09927,mw
2,0.11171,mw
3,0.12703,mw
4,0.13521,mw
5,0.1429,mw
6,0.14695,mw
7,0.15009,mw
8,0.15524,mw
9,0.1587,mw
10,0.16161,mw
11,0.15987,mw
12,0.16174,mw
13,0.16461,mw
14,0.16594,mw
15,0.1665,mw
16,0.16915,mw
17,0.16871,mw
18,0.17073,mw
19,0.1708,mw
20,0.17261,mw
